ep_patent,filing_year,patent_status,technical_field,title,applicants,inventors,german_priorities,ipc_classes
EP05804010A,10/17/05,EP granted,Other,METHOD FOR THE PRODUCTION OF SUBSTITUTED PHOSPHANES,"['UNIV CHEMNITZ TECH\u2002[DE]', 'TECHNISCHE UNIVERSITAET CHEMNITZ,', 'ZYLUM BETEILIGUNGSGESELLSCHAFT MBH & CO. PATENTE II KG', 'ZYLUM BETEILIGUNGSGMBH & CO PATENTE II KG\u2002[DE]']","['THIEL WERNER\u2002[DE]', 'SUN YU\u2002[DE]', 'HIENZSCH ANTJE\u2002[DE]', 'THIEL, WERNER,', 'SUN, YU,', 'HIENZSCH, ANTJE']",[],"['C07F9/50AI', 'C07F9/53AI']"
EP07007535A,4/12/07,EP granted,Other,"Micro-actuator, method for displacing a fluid and method for manufacturing a micro-actuator","['UNIV CHEMNITZ TECH\u2002[DE]', 'TECHNISCHE UNIVERSITAET CHEMNITZ']","['NESTLER JOERG\u2002[DE]', 'HILLER KARLA\u2002[DE]', 'OTTO THOMAS\u2002[DE]', 'GESSNER THOMAS\u2002[DE]', 'NESTLER, JOERG,', 'HILLER, KARLA,', 'OTTO, THOMAS,', 'GESSNER, THOMAS']",[],[]
EP08400030A,5/23/08,EP granted,Other,Charging and/or discharging system and method for charging and/or discharging a thermal energy storage with an insert provided between the diffuser plates,"['STADTWERKE CHEMNITZ AG\u2002[DE]', 'UNIV CHEMNITZ TECH\u2002[DE]', 'STADTWERKE CHEMNITZ AG,', 'TECHNISCHE UNIVERSITAET CHEMNITZ,', 'EINS ENERGIE IN SACHSEN GMBH & CO. KG,', 'eins energie in sachsen GmbH & Co. KG,', 'Technische Universität Chemnitz', 'EINS EN IN SACHSEN GMBH & CO KG\u2002[DE]', 'EINS ENERGIE IN SACHSEN GMBH & CO KG\u2002[DE]', 'TECHNISCHE UNIVERSITÄT CHEMNITZ\u2002[DE]']","['URBANECK THORSTEN\u2002[DE]', 'UHLIG ULF\u2002[DE]', 'BARTHEL UWE\u2002[DE]', 'URBANECK THORSTEN,', 'UHLIG, ULF,', 'BARTHEL, UWE,', 'URBANECK DR.-ING, THORSTEN,', 'Urbaneck Dr.-Ing, Thorsten,', 'Uhlig, Ulf,', 'Barthel, Uwe', 'URBANECK DR-ING THORSTEN\u2002[DE]', 'URBANECK DR -ING THORSTEN\u2002[DE]']",[],[]
EP08400031A,5/23/08,EP granted,Other,Charging and/or discharging system and method for charging and/or discharging a thermal energy storage with an insert provided inside a diffuser,"['STADTWERKE CHEMNITZ AG\u2002[DE]', 'UNIV CHEMNITZ TECH\u2002[DE]', 'STADTWERKE CHEMNITZ AG,', 'TECHNISCHE UNIVERSITAET CHEMNITZ,', 'EINS ENERGIE IN SACHSEN GMBH & CO. KG,', 'eins energie in sachsen GmbH & Co. KG,', 'Technische Universität Chemnitz', 'EINS EN IN SACHSEN GMBH & CO KG\u2002[DE]', 'EINS ENERGIE IN SACHSEN GMBH & CO KG\u2002[DE]', 'TECHNISCHE UNIVERSITÄT CHEMNITZ\u2002[DE]']","['URBANECK THORSTEN\u2002[DE]', 'UHLIG ULF\u2002[DE]', 'BARTHEL UWE\u2002[DE]', 'URBANECK, THORSTEN,', 'UHLIG, ULF,', 'BARTHEL, UWE,', 'URBANECK, DR.-ING., THORSTEN,', 'Urbaneck, Dr.-Ing., Thorsten,', 'Uhlig, Ulf,', 'Barthel, Uwe', 'URBANECK DR-ING THORSTEN\u2002[DE]', 'URBANECK DR -ING THORSTEN\u2002[DE]']",[],[]
EP07725001A,5/9/07,Refused / Withdrawn,Other,MEMS VACUUM SENSOR BASED ON THE FRICTION PRINCIPLE,"['FRAUNHOFER GES FORSCHUNG\u2002[DE]', 'UNIV CHEMNITZ TECH\u2002[DE]', 'FRAUNHOFER-GESELLSCHAFT ZUR FOERDERUNG DER ANGEWANDTEN FORSCHUNG E.V,', 'TECHNISCHE UNIVERSITAET CHEMNITZ']","['KURTH STEFFEN\u2002[DE]', 'TENHOLTE DIRK\u2002[DE]', 'HILLER KARLA\u2002[DE]', 'KAUFMANN CHRISTIAN\u2002[DE]', 'GESSNER THOMAS\u2002[DE]', 'DOETZEL WOLFRAM\u2002[DE]', 'KURTH, STEFFEN,', 'TENHOLTE, DIRK,', 'HILLER, KARLA,', 'KAUFMANN, CHRISTIAN,', 'GESSNER, THOMAS,', 'DOETZEL, WOLFRAM']",[],"['G01L9/00AI', 'G01L21/22AI']"
EP08400007A,3/11/08,Refused / Withdrawn,Other,Micromechanical component with a mirror and its manufacturing method,"['FRAUNHOFER GES FORSCHUNG\u2002[DE]', 'UNIV CHEMNITZ TECH\u2002[DE]', 'FRAUNHOFER-GESELLSCHAFT ZUR FOERDERUNG DER ANGEWANDTEN FORSCHUNG E.V,', 'TECHNISCHE UNIVERSITAET CHEMNITZ']","['KURTH STEFFEN DR-ING\u2002[DE]', 'KAUFMANN CHRISTIAN DR-ING\u2002[DE]', 'HAHN RAMON DIPL-ING\u2002[DE]', 'GESSNER THOMAS PROF DR-ING HAB\u2002[DE]', 'HILLER KARLA DR-ING HABIL\u2002[DE]', 'KURTH, STEFFEN, DR.-ING,', 'KAUFMANN, CHRISTIAN, DR.-ING,', 'HAHN, RAMON, DIPL.-ING,', 'GESSNER, THOMAS, PROF.DR.-ING.HABIL,', 'HILLER, KARLA, DR.-ING.HABIL']",[],"['B81B3/00AI', 'G02B26/08AI']"
EP08716573A,3/17/08,Refused / Withdrawn,Other,AIRSHIP,"['UNIV CHEMNITZ TECH\u2002[DE]', 'TECHNISCHE UNIVERSITAET CHEMNITZ']","['KRAUSE THOMAS\u2002[DE]', 'KRAUSE, THOMAS']",[],"['B64B1/32AI', 'B64B1/02AI']"
EP08855886A,12/4/08,Refused / Withdrawn,Other,SUBSTRATE HAVING A COATING COMPRISING COPPER AND METHOD FOR THE PRODUCTION THEREOF BY MEANS OF ATOMIC LAYER DEPOSITION,"['FRAUNHOFER GES FORSCHUNG\u2002[DE]', 'UNIV CHEMNITZ TECH\u2002[DE]', 'FRAUNHOFER-GESELLSCHAFT ZUR FOERDERUNG DER ANGEWANDTEN FORSCHUNG E.V,', 'TECHNISCHE UNIVERSITAET CHEMNITZ']","['WAECHTLER THOMAS\u2002[DE]', 'GESSNER THOMAS\u2002[DE]', 'SCHULZ STEFAN\u2002[DE]', 'LANG HEINRICH\u2002[DE]', 'JAKOB ALEXANDER\u2002[DE]', 'WAECHTLER, THOMAS,', 'GESSNER, THOMAS,', 'SCHULZ, STEFAN,', 'LANG, HEINRICH,', 'JAKOB, ALEXANDER']",[],"['C23C16/18AI', 'C23C16/40AI', 'C23C16/455AI', 'H01L21/768AI']"
EP10708091A,1/26/10,Refused / Withdrawn,Other,"MICROSTRUCTURE, METHOD FOR PRODUCING THE SAME, DEVICE FOR BONDING A MICROSTRUCTURE AND MICROSYSTEM","['FRAUNHOFER GES FORSCHUNG\u2002[DE]', 'UNIV CHEMNITZ TECH\u2002[DE]', 'FRAUNHOFER-GESELLSCHAFT ZUR FOERDERUNG DER ANGEWANDTEN FORSCHUNG E.V,', 'TECHNISCHE UNIVERSITAET CHEMNITZ']","['BRAEUER JOERG\u2002[DE]', 'GESSNER THOMAS\u2002[DE]', 'HOFMANN LUTZ\u2002[DE]', 'FROEMEL JOERG\u2002[DE]', 'WIEMER MAIK\u2002[DE]', 'LETSCH HOLGER\u2002[DE]', 'BAUM MARIO\u2002[DE]', 'BRAEUER, JOERG,', 'GESSNER, THOMAS,', 'HOFMANN, LUTZ,', 'FROEMEL, JOERG,', 'WIEMER, MAIK,', 'LETSCH, HOLGER,', 'BAUM, MARIO']",[],[]
EP10401151A,8/26/10,EP granted,Other,Micromechanical sensor with bandpass characteristics,"['UNIV CHEMNITZ TECH\u2002[DE]', 'TECHNISCHE UNIVERSITAET CHEMNITZ']","['DIENEL MARCO\u2002[DE]', 'SORGER ALEXANDER\u2002[DE]', 'MEHNER JAN\u2002[DE]', 'DIENEL, MARCO,', 'SORGER, ALEXANDER,', 'MEHNER, JAN']",[],[]
EP10779251A,11/9/10,EP granted,Other,CONVEYING UNIT,"['UNIV CHEMNITZ TECH\u2002[DE]', 'TECHNISCHE UNIVERSITAET CHEMNITZ']","['NENDEL KLAUS\u2002[DE]', 'SUBBERT SINDY\u2002[DE]', 'MEYNERTS PETER\u2002[DE]', 'NENDEL, KLAUS,', 'SUBBERT, SINDY,', 'MEYNERTS, PETER']",[],[]
EP11787682A,11/23/11,Refused / Withdrawn,Other,MICROFLUIDIC DEVICE AND METHOD FOR PRODUCING THE SAME,"['FRAUNHOFER GES FORSCHUNG\u2002[DE]', 'UNIV CHEMNITZ TECH\u2002[DE]', 'FRAUNHOFER-GESELLSCHAFT ZUR FOERDERUNG DER ANGEWANDTEN FORSCHUNG E.V,', 'TECHNISCHE UNIVERSITAET CHEMNITZ']","['OTTO THOMAS\u2002[DE]', 'NESTLER JOERG\u2002[DE]', 'GESSNER THOMAS\u2002[DE]', 'OTTO, THOMAS,', 'NESTLER, JOERG,', 'GESSNER, THOMAS']",[],"['B01L3/00AI', 'B29C65/50AI']"
EP12179918A,11/23/11,EP granted,Other,Micro-fluid device and method for manufacturing the same,"['FRAUNHOFER GES FORSCHUNG\u2002[DE]', 'UNIV CHEMNITZ TECH\u2002[DE]', 'FRAUNHOFER-GESELLSCHAFT ZUR FOERDERUNG DER ANGEWANDTEN FORSCHUNG E.V,', 'TECHNISCHE UNIVERSITAET CHEMNITZ,', 'Fraunhofer-Gesellschaft zur Förderung der angewandten Forschung e.V,', 'Technische Universität Chemnitz']","['NESTLER JOERG\u2002[DE]', 'OTTO THOMAS\u2002[DE]', 'GESNER THOMAS\u2002[DE]', 'NESTLER, JOERG,', 'OTTO, THOMAS,', 'GESNER, THOMAS,', 'Nestler, Jörg,', 'Otto, Thomas,', 'Geßner, Thomas', 'NESTLER JÖRG\u2002[DE]', 'GESSNER THOMAS\u2002[DE]']",[],"['B01L3/00AI', 'B29C65/00AI', 'B29C65/50AI']"
EP12401009A,1/26/12,EP granted,Water Tech: Water treatment,ABSORPTION MATERIAL THAT INDICATES THE SATURATION LEVEL,"['PAPIER IN FORM UND FARBE GMBH\u2002[DE]', 'UNIV CHEMNITZ TECH\u2002[DE]', 'PAPIER IN FORM UND FARBE GMBH,', 'TECHNISCHE UNIVERSITAET CHEMNITZ,', 'Papier in Form und Farbe GmbH,', 'Technische Universität Chemnitz', 'TECHNISCHE UNIVERSITÄT CHEMNITZ\u2002[DE]']","['NEHRKORN ARND\u2002[DE]', 'BRAND JOACHIM\u2002[DE]', 'GOEDEL WERNER\u2002[DE]', 'NEHRKORN, ARND,', 'BRAND, JOACHIM,', 'GOEDEL, WERNER,', 'Nehrkorn, Arnd,', 'Brand, Joachim,', 'Goedel, Werner']",[],"['B01J20/24AI', 'B01J20/28AI', 'B01J20/30AI', 'C02F1/40AI', 'C09K3/32AI', 'E02B15/10AI', 'C02F1/28AN', 'C02F101/32AN', 'C02F103/00AN']"
EP11827768A,9/22/11,EP granted,Other,METHOD AND DEVICE FOR THERMAL SPRAYING,"['UNIV CHEMNITZ TECH\u2002[DE]', 'TECHNISCHE UNIVERSITAET CHEMNITZ,', 'TECHNISCHE UNIVERSITÄT CHEMNITZ', 'TECH UNIVERSITÄT CHEMNITZ\u2002[DE]']","['PACZKOWSKI GERD\u2002[DE]', 'RUPPRECHT CHRISTIAN\u2002[DE]', 'WIELAGE BERNHARD\u2002[DE]', 'PACZKOWSKI, GERD,', 'RUPPRECHT, CHRISTIAN,', 'WIELAGE, BERNHARD']",[],"['B05B7/22AI', 'B05B15/50AI', 'C23C4/12AI']"
EP11819075A,11/15/11,EP granted,Other,SWITCHABLE COUPLING,"['UNIV CHEMNITZ TECH\u2002[DE]', 'TECHNISCHE UNIVERSITAET CHEMNITZ,', 'VOLKSWAGEN AKTIENGESELLSCHAFT', 'VOLKSWAGEN AG\u2002[DE]']","['VAN DER SEYLBERG FRANK\u2002[DE]', 'TENBERGE PETER\u2002[DE]', 'BAUMGART RICO\u2002[DE]', 'VAN DER SEYLBERG, FRANK,', 'TENBERGE, PETER,', 'BAUMGART, RICO']",[],[]
EP11819074A,11/15/11,EP granted,Other,"SWITCHABLE COUPLING, IN PARTICULAR FOR PASSENGER VEHICLE AUXILIARY ASSEMBLIES","['UNIV CHEMNITZ TECH\u2002[DE]', 'TECHNISCHE UNIVERSITAET CHEMNITZ,', 'VOLKSWAGEN AKTIENGESELLSCHAFT', 'VOLKSWAGEN AG\u2002[DE]']","['BAUMGART RICO\u2002[DE]', 'TENBERGE PETER\u2002[DE]', 'AURICH JOERG\u2002[DE]', 'BAUMGART, RICO,', 'TENBERGE, PETER,', 'AURICH, JOERG,', 'AURICH, JÖRG', 'AURICH JÖRG\u2002[DE]']",[],"['F16D43/16AI', 'F16D47/00AI']"
EP11782422A,11/14/11,EP granted,Other,FLUIDIC ACTUATOR HAVING A DEFORMABLE CLOSURE ARRANGEMENT AND LONG SHELF LIFE,"['FRAUNHOFER GES FORSCHUNG\u2002[DE]', 'UNIV CHEMNITZ TECH\u2002[DE]', 'FRAUNHOFER GESELLSCHAFT ZUR FOERDERUNG DER ANGEWANDTEN WISSENSCHAFT E.V,', 'TECHNISCHE UNIVERSITAET CHEMNITZ,', 'FRAUNHOFER-GESELLSCHAFT ZUR FÖRDERUNG DER ANGEWANDTEN FORSCHUNG E.V,', 'TECHNISCHE UNIVERSITÄT CHEMNITZ', 'TECH UNIVERSITÄT CHEMNITZ\u2002[DE]']","['OTTO THOMAS\u2002[DE]', 'NESTLER JOERG DR\u2002[DE]', 'GESSNER THOMAS\u2002[DE]', 'OTTO, THOMAS,', 'NESTLER, JOERG, DR,', 'GESSNER, THOMAS,', 'NESTLER, JÖRG, DR', 'NESTLER JÖRG DR\u2002[DE]']",[],"['F04B19/00AI', 'F04B43/00AI', 'F04B43/04AI', 'F16K99/00AI']"
EP11819080A,12/1/11,EP granted,Other,HYDRAULIC SEPARATOR,"['UNIV CHEMNITZ TECH\u2002[DE]', 'TECHNISCHE UNIVERSITAET CHEMNITZ,', 'Technische Universität Chemnitz', 'TECHNISCHE UNIVERSITÄT CHEMNITZ\u2002[DE]']","['SANDER KARIN\u2002[DE]', 'URBANECK THORSTEN\u2002[DE]', 'PLATZER BERND\u2002[DE]', 'SANDER, KARIN,', 'URBANECK, THORSTEN,', 'PLATZER, BERND,', 'SANDER, Karin,', 'URBANECK, Thorsten,', 'PLATZER, Bernd']",[],[]
EP12721729A,3/28/12,EP granted,Other,SYSTEM AND METHOD FOR PRODUCING HOT WATER AND/OR STEAM AND FOR STORING WATER IN LIQUID AND/OR GASEOUS FORM FOR USE FOR A GAS TURBINE POWER PLANT,"['UNIV CHEMNITZ TECH\u2002[DE]', 'TECHNISCHE UNIVERSITAET CHEMNITZ,', 'Technische Universität Chemnitz']","['URBANECK THORSTEN\u2002[DE]', 'PLATZER BERND\u2002[DE]', 'URBANECK, THORSTEN,', 'PLATZER, BERND,', 'URBANECK, Thorsten,', 'PLATZER, Bernd']",[],"['F01K3/18AI', 'F01K21/04AI', 'F02C1/00AI', 'F02C1/05AI', 'F02C1/06AI', 'F02C6/18AI', 'F22B1/00AI']"
EP12738063A,7/6/12,EP granted,Clean energy - storage: Supercapacitors,"LAYER SYSTEM HAVING A LAYER OF CARBON NANOTUBES ARRANGED PARALLEL TO EACH OTHER AND AN ELECTRICALLY CONDUCTIVE SURFACE LAYER, METHOD FOR PRODUCING THE LAYER SYSTEM, AND USE OF THE LAYER SYSTEM IN MICROSYSTEM TECHNOLOGY","['FRAUNHOFER GES FORSCHUNG\u2002[DE]', 'TECH UNIVERSITÄT CHEMNITZ\u2002[DE]', 'FRAUNHOFER GESELLSCHAFT ZUR FÖRDERUNG DER ANGEWANDTEN FORSCHUNG E.V,', 'TECHNISCHE UNIVERSITÄT CHEMNITZ,', 'Fraunhofer Gesellschaft zur Förderung der angewandten Forschung E.V,', 'Technische Universität Chemnitz', 'TECHNISCHE UNIVERSITÄT CHEMNITZ\u2002[DE]']","['HERMANN SASCHA\u2002[DE]', 'GESSNER THOMAS\u2002[DE]', 'SCHULZ STEFAN E\u2002[DE]', 'HERMANN, SASCHA,', 'GESSNER, THOMAS,', 'SCHULZ, STEFAN E,', 'HERMANN, Sascha,', 'GESSNER, Thomas,', 'SCHULZ, Stefan E']",[],"['B82Y30/00AI', 'B82Y40/00AI', 'C01B31/02AI', 'H01G2/08AI', 'H01G11/36AI']"
EP13726113A,5/24/13,EP granted,Other,METHOD FOR FIXATION OF A MOVABLE COMPONENT OF A MICRO-MECHANICAL STRUCTURAL ELEMENT,"['FRAUNHOFER GES FORSCHUNG\u2002[DE]', 'TECH UNIVERSITÄT CHEMNITZ\u2002[DE]', 'FRAUNHOFER-GESELLSCHAFT ZUR FÖRDERUNG DER ANGEWANDTEN FORSCHUNG E.V,', 'TECHNISCHE UNIVERSITÄT CHEMNITZ']","['BERTZ ANDREAS\u2002[DE]', 'SCHULZ STEFAN E\u2002[DE]', 'BERTZ, ANDREAS,', 'SCHULZ, STEFAN, E']",[],[]
EP13741658A,5/15/13,EP granted,Other,DRIVE SYSTEM FOR A MOTOR VEHICLE,"['TECH UNIVERSITÄT CHEMNITZ\u2002[DE]', 'TECHNISCHE UNIVERSITÄT CHEMNITZ']","['DANZER CHRISTOPH\u2002[DE]', 'VON UNWERTH THOMAS\u2002[DE]', 'DANZER, CHRISTOPH,', 'VON UNWERTH, THOMAS']",[],"['B60K1/02AI', 'B60H1/00AI', 'B60H1/32AI', 'B60K1/00AI', 'F02B63/04AI']"
EP13770402A,8/23/13,Refused / Withdrawn,Other,BLADDER PRESSURE MEASUREMENT CAPSULE,"['UNIVERSITÄT ZU KÖLN\u2002[DE]', 'TECH UNIVERSITÄT CHEMNITZ\u2002[DE]', 'UNIVERSITÄT ZU KÖLN,', 'TECHNISCHE UNIVERSITÄT CHEMNITZ']","['WILLE SEBASTIAN\u2002[DE]', 'MEHNER JAN\u2002[DE]', 'TENHOLTE DIRK\u2002[DE]', 'WILLE, SEBASTIAN,', 'MEHNER, JAN,', 'TENHOLTE, DIRK']",[],[]
EP13802868A,9/17/13,EP granted & Unitary,Other,SYSTEM FOR PRODUCING HOT WATER AND/OR STEAM HAVING A HIGH-TEMPERATURE RESERVOIR FOR USE IN A GAS TURBINE POWER STATION,"['TECH UNIVERSITÄT CHEMNITZ\u2002[DE]', 'TECHNISCHE UNIVERSITÄT CHEMNITZ,', 'Technische Universität Chemnitz', 'UNIV CHEMNITZ TECH\u2002[DE]']","['URBANECK THORSTEN\u2002[DE]', 'PLATZER BERND\u2002[DE]', 'LOTTNER VOLKMAR\u2002[DE]', 'URBANECK, THORSTEN,', 'PLATZER, BERND,', 'LOTTNER, VOLKMAR,', 'URBANECK, Thorsten,', 'PLATZER, Bernd,', 'LOTTNER, Volkmar']",[],"['F01K3/00AI', 'F01K3/18AI', 'F01K21/04AI', 'F02C3/30AI', 'F22B1/00AI', 'F22B1/28AI', 'F28D20/00AI', 'F28D20/02AI']"
EP14152613A,1/27/14,Refused / Withdrawn,Other,Temperature measurement device,"['TECH UNIVERSITÄT CHEMNITZ\u2002[DE]', 'TECHNISCHE UNIVERSITÄT CHEMNITZ']","['DR LEHMANN DANIEL\u2002[DE]', 'PROF ZAHN DIETRICH R T\u2002[DE]', 'PITTNER STEVE\u2002[DE]', 'DR FRONK MICHAEL\u2002[DE]', 'ARNOLD MARKUS\u2002[DE]', 'DR. LEHMANN, DANIEL,', 'PROF. ZAHN, DIETRICH R. T,', 'PITTNER, STEVE,', 'DR. FRONK, MICHAEL,', 'ARNOLD, MARKUS']",[],"['G01K1/08AI', 'G01K7/22AI']"
EP15168837A,5/22/15,EP granted,Other,SAMPLE CARRIER WITH A REFERENCE STRUCTURE AND METHOD FOR PRODUCING A SAMPLE CARRIER WITH A REFERENCE STRUCTURE,"['IBIDI GMBH\u2002[DE]', 'TECH UNIVERSITÄT CHEMNITZ\u2002[DE]', 'IBIDI GMBH,', 'TECHNISCHE UNIVERSITÄT CHEMNITZ,', 'ibidi GmbH,', 'Technische Universität Chemnitz', 'UNIV CHEMNITZ TECH\u2002[DE]']","['ENDERLEIN TOM\u2002[DE]', 'PHAM TRUNG\u2002[DE]', 'ENDERLEIN, Tom,', 'PHAM, Trung']",[],"['B01L3/00AI', 'G02B21/34AI']"
EP16157623A,2/26/16,Refused / Withdrawn,Other,COPPER-ZIRCONIUM-BASED METHANOL STEAM REFORMING CATALYST,"['UNIVERSITÄT INNSBRUCK\u2002[AT]', 'TECHNISCHE UNIVERSITÄT CHEMNITZ\u2002[DE]', 'Universität Innsbruck,', 'Technische Universität Chemnitz']","['KLÖTZER BERNHARD\u2002[AT]', 'MAYR LUKAS\u2002[AT]', 'ARMBRÜSTER MARC\u2002[DE]', 'PENNER SIMON\u2002[AT]', 'Klötzer, Bernhard,', 'Mayr, Lukas,', 'Armbrüster, Marc,', 'Penner, Simon']",[],"['B01J23/72AI', 'B01J35/00AI', 'B01J37/00AI', 'B01J37/10AI', 'B01J37/12AI', 'B60L11/00AI', 'C01B3/32AI', 'C22C9/00AI', 'B01J35/04AN', 'B01J37/02AN']"
EP17175903A,6/14/17,EP granted,Other,METHOD FOR PRODUCING SEMIFINISHED PRODUCTS FOR FIBRE-PLASTIC COMPOSITE COMPONENTS,"['CETEX INST FÜR TEXTIL- UND VERARBEITUNGSMASCHINEN GEMEINNÜTZIGE GMBH\u2002[DE]', 'TECHNISCHE UNIVERSITÄT CHEMNITZ\u2002[DE]', 'Cetex Institut für Textil- und Verarbeitungsmaschinen gemeinnützige GmbH,', 'Technische Universität Chemnitz,', 'Cetex Institut gGmbH', 'CETEX INST GGMBH\u2002[DE]', 'UNIV CHEMNITZ TECH\u2002[DE]']","['KROLL LOTHAR\u2002[DE]', 'NENDEL WOLFGANG\u2002[DE]', 'GERSTENBERGER COLIN\u2002[DE]', 'NENDEL SEBASTIAN\u2002[DE]', 'HEINRICH HANS-JÜRGEN\u2002[DE]', 'Kroll, Lothar,', 'Nendel, Wolfgang,', 'Gerstenberger, Colin,', 'Nendel, Sebastian,', 'Heinrich, Hans-Jürgen']",[],"['B29B11/16AI', 'B29C70/38AI']"
EP17190062A,9/8/17,EP granted,Other,ADHESIVE ELEMENT AND VALVE ASSEMBLY,"['FRAUNHOFER GES FORSCHUNG\u2002[DE]', 'UNIV CHEMNITZ TECH\u2002[DE]', 'Fraunhofer-Gesellschaft zur Förderung der angewandten Forschung e.V,', 'Technische Universität Chemnitz']","['MORSCHHAUSER ANDREAS\u2002[DE]', 'STIEHL CORNELIA\u2002[DE]', 'NESTLER JOERG\u2002[DE]', 'OTTO THOMAS\u2002[DE]', 'Morschhauser, Andreas,', 'Stiehl, Cornelia,', 'Nestler, Jörg,', 'Otto, Thomas', 'NESTLER JÖRG\u2002[DE]']",[],"['C09J5/00AI', 'C09J7/00AI', 'F16K99/00AI', 'B01L3/00AI', 'C09J7/26AI', 'C09J7/29AI']"
EP18721945A,4/13/18,Refused / Withdrawn,Other,HOLDER FOR RECEIVING AND OPERATING TABLET PCS,"['UNIV CHEMNITZ TECH\u2002[DE]', 'Technische Universität Chemnitz']","['WÄCHTER MICHAEL\u2002[DE]', 'WÄCHTER, Michael']",[],"['A45F5/00AI', 'A63F13/98AI', 'G06F1/16AI', 'H04B1/3888AI', 'H04M1/04AI']"
EP18779554A,8/24/18,Pending,Other,DEVICE AND METHOD FOR PRODUCING A COMPONENT BY MEANS OF 3D MULTI-MATERIAL PRESSURE AND COMPONENT PRODUCED THEREWITH,"['UNIV CHEMNITZ TECH\u2002[DE]', 'Technische Universität Chemnitz']","['RUDOLPH JOHANNES\u2002[DE]', 'LORENZ FABIAN\u2002[DE]', 'WERNER RALF\u2002[DE]', 'RUDOLPH, Johannes,', 'LORENZ, Fabian,', 'WERNER, Ralf']",[],"['B29C48/02AI', 'B29C48/25AI', 'B29C48/285AI', 'B29C48/92AI', 'B29C64/165AI', 'B29C64/209AI', 'B29C64/245AI', 'B29C64/255AI', 'B29C64/314AI', 'B29C64/321AI', 'B29C64/336AI', 'B29C64/393AI']"
EP18833600A,12/7/18,EP granted & Unitary,Other,METHOD AND APPARATUS FOR CHARGING AND/OR DISCHARGING A THERMAL ENERGY STORAGE,"['TECHNISCHE UNIVERSITÄT CHEMNITZ\u2002[DE]', 'Technische Universität Chemnitz', 'UNIV CHEMNITZ TECH\u2002[DE]']","['URBANECK THORSTEN\u2002[DE]', 'FINDEISEN FABIAN\u2002[DE]', 'PLATZER BERND\u2002[DE]', 'WINKLER TIM\u2002[DE]', 'URBANECK, Thorsten,', 'FINDEISEN, Fabian,', 'PLATZER, Bernd,', 'WINKLER, Tim']",[],"['F24H9/13AI', 'F28D20/00AI']"
EP19712123A,1/29/19,Pending,Other,METHOD FOR CONTACTING AND PACKETISING A SEMICONDUCTOR CHIP,"['UNIV CHEMNITZ TECH\u2002[DE]', 'Technische Universität Chemnitz']","['RUDOLPH JOHANNES\u2002[DE]', 'LORENZ FABIAN\u2002[DE]', 'WERNER RALF\u2002[DE]', 'SEIDEL PETER\u2002[DE]', 'RUDOLPH, Johannes,', 'LORENZ, Fabian,', 'WERNER, Ralf,', 'SEIDEL, Peter']",[],[]
EP19779365A,6/27/19,Pending,Other,MICROMECHANICAL COMPONENT AND METHOD FOR PRODUCING SAME,"['FRAUNHOFER GES FORSCHUNG\u2002[DE]', 'UNIV CHEMNITZ TECH\u2002[DE]', 'FRAUNHOFER-GESELLSCHAFT zur Förderung der angewandten Forschung e.V,', 'Technische Universität Chemnitz']","['FORKE ROMAN\u2002[DE]', 'HILLER KARLA\u2002[DE]', 'FORKE, Roman,', 'HILLER, Karla']",[],[]
EP19758888A,7/1/19,Pending,Other,METHOD FOR PRODUCING A METAL SEMI-FINISHED PRODUCT OR FINISHED PART AS MATERIAL COMPOSITE HAVING A FUNCTIONALISED SURFACE AND SUCH SEMI-FINISHED PRODUCT OR FINISHED PART,"['UNIV CHEMNITZ TECH\u2002[DE]', 'Technische Universität Chemnitz']","['FÖRSTER WOLFGANG\u2002[DE]', 'PACZKOWSKI GERD\u2002[DE]', 'AWISZUS BIRGIT\u2002[DE]', 'LAMPKE THOMAS\u2002[DE]', 'FÖRSTER, Wolfgang,', 'PACZKOWSKI, Gerd,', 'AWISZUS, Birgit,', 'LAMPKE, Thomas']",[],"['C23C4/129AI', 'C23C4/131AI', 'C23C4/134AI', 'C23C4/18AI', 'C23C24/08AI', 'C23C24/10AI', 'C23C26/00AI', 'C23C26/02AI']"
EP19752081A,7/3/19,EP granted & Unitary,Other,"HYBRID NANOCOMPOSITE MATERIAL, SENSOR COMPRISING A HYBRID NANOCOMPOSITE MATERIAL, AND METHOD FOR PRODUCING SAME","['UNIV CHEMNITZ TECH\u2002[DE]', 'Technische Universität Chemnitz']","['BENCHIROUF ABDERRAHMANE\u2002[DE]', 'KANOUN OLFA\u2002[DE]', 'BENCHIROUF, Abderrahmane,', 'KANOUN, Olfa']",[],"['G01L1/00AI', 'H01Q1/36AI', 'H01Q9/04AI', 'G01L1/18AI']"
EP20711781A,2/21/20,EP granted & Unitary,Other,"THERMAL ENERGY STORAGE DEVICE, IN PARTICULAR MULTI-ZONAL STORAGE DEVICE IN THE FORM OF A FLAT-BOTTOMED TANK","['UNIV CHEMNITZ TECH\u2002[DE]', 'Technische Universität Chemnitz']","['URBANECK THORSTEN\u2002[DE]', 'URBANECK, Thorsten']",[],[]
EP19817581A,10/21/19,EP granted & Unitary,Other,ELASTIC JOINT,"['UNIV CHEMNITZ TECH\u2002[DE]', 'Technische Universität Chemnitz']","['ZHU HONGXI\u2002[DE]', 'THOMAS ULRIKE\u2002[DE]', 'Zhu, HONGXI,', 'THOMAS, Ulrike,', 'ZHU, Hongxi']",[],"['B25J9/12AI', 'B25J17/02AI', 'B25J19/06AI', 'F16D3/50AI']"
EP20761135A,7/31/20,EP granted,Other,"COMPONENT MADE FROM A MATERIAL CONSISTING PREDOMINANTLY OF RENEWABLE RAW MATERIALS, HAVING AT LEAST ONE COMPRESSED REGION, AND METHOD AND TOOL FOR PRODUCING THE COMPRESSED REGION","['UNIV CHEMNITZ TECH\u2002[DE]', 'Technische Universität Chemnitz,', 'LiGenium GmbH', 'LIGENIUM GMBH\u2002[DE]']","['ALT CHRISTOPH\u2002[DE]', 'PENNO ERIC\u2002[DE]', 'EICHHORN SVEN\u2002[DE]', 'ECKARDT RONNY\u2002[DE]', 'ALT, Christoph,', 'PENNO, Eric,', 'EICHHORN, Sven,', 'ECKARDT, Ronny']",[],"['B27D3/02AI', 'B29C70/54AI', 'B27M1/02AI', 'B27M1/04AI', 'B27M3/00AI']"
EP22171815A,5/5/22,EP granted & Unitary,Other,LAYING DEVICE AND LAYING METHOD FOR STRIP-SHAPED MATERIAL,"['UNIV CHEMNITZ TECH\u2002[DE]', 'Technische Universität Chemnitz']","['DR KAUFMANN JÖRG\u2002[DE]', 'DR ZIPPLIES EBERHARD\u2002[DE]', 'FLEISCHMANN MARC\u2002[DE]', 'Dr. Kaufmann, Jörg,', 'Dr. Zipplies, Eberhard,', 'Fleischmann, Marc']",[],"['B29C70/38AI', 'B29D99/00AI']"
EP22188795A,8/4/22,EP granted & Unitary,Other,SHAPING SYSTEM,"['RICHTER & HESS VERPACKUNGS SERVICE GMBH\u2002[DE]', 'UNIV CHEMNITZ TECH\u2002[DE]', 'richter & heß Verpackungs-Service GmbH,', 'Technische Universität Chemnitz,', 'richter & heß VERPACKUNGS-SERVICE GmbH']","['GRAF JOHANNES\u2002[DE]', 'GELBRICH SANDRA\u2002[DE]', 'ABSTOSS MARVIN\u2002[DE]', 'Graf, Johannes,', 'Gelbrich, Sandra,', 'Abstoß, Marvin']",[],"['B28B7/00AI', 'B28B7/02AI', 'B28B7/34AI', 'B28B7/36AI', 'E04G9/02AI', 'E04G11/04AI']"
EP22701603A,1/24/22,Pending,Other,NONLINEAR ELASTIC JOINT WITH AN ELASTIC MECHANISM AND DRIVES,"['UNIV CHEMNITZ TECH\u2002[DE]', 'Technische Universität Chemnitz']","['ZHU HONGXI\u2002[DE]', 'THOMAS ULRIKE\u2002[DE]', 'ZHU, Hongxi,', 'THOMAS, Ulrike']",[],"['B25J17/00AI', 'B25J19/06AI']"
EP22721851A,4/14/22,Pending,Other,"STRESS-CONFIGURABLE NANOELECTRONIC COMPONENT STRUCTURE, INTERMEDIATE PRODUCT, AND METHOD FOR PRODUCING A NANOELECTRONIC COMPONENT STRUCTURE","['UNIV CHEMNITZ TECH\u2002[DE]', 'Technische Universität Chemnitz']","['HERMANN SASCHA\u2002[DE]', 'BÖTTGER SIMON\u2002[DE]', 'PANKENIN ERIC\u2002[DE]', 'HERMANN, Sascha,', 'BÖTTGER, Simon,', 'PANKENIN, Eric']",[],[]
